Feature,Duration,SHAP_value,Normalized_Importance,Sum_Normalized_Importance,Type
Electronic Box Temperature(DegC),20,0.12022068,0.1695194804044958,1.0,IBS_N
Solar Wind Analyser temperature(DegC),20,0.020199286,0.028482391442652015,1.0,IBS_N
Out Board Sensor Temperature(Deg C),20,0.060102608,0.08474883754704342,1.0,IBS_N
In Board Sensor Temperature(Deg C),20,0.2293,0.3233288720106298,1.0,IBS_N
Out Board Sensor minus In Board Sensor Temp.(DegC),20,0.052260574,0.07369102678607958,1.0,IBS_N
Search Coil Magnetometer's Temperature(Deg C),20,0.19466479,0.274490828481841,1.0,IBS_N
Solar Array's Angle(Deg C),20,0.032437105,0.045738563327258445,1.0,IBS_N
Electronic Box Temperature(DegC),30,0.30723867,0.5018954017161623,1.0,IBS_N
Solar Wind Analyser temperature(DegC),30,0.011611886,0.018968810757618113,1.0,IBS_N
Out Board Sensor Temperature(Deg C),30,0.073734954,0.12045109542478084,1.0,IBS_N
In Board Sensor Temperature(Deg C),30,0.0407988,0.06664763298037114,1.0,IBS_N
Out Board Sensor minus In Board Sensor Temp.(DegC),30,0.038570393,0.06300737758396512,1.0,IBS_N
Search Coil Magnetometer's Temperature(Deg C),30,0.13609205,0.22231568085204262,1.0,IBS_N
Solar Array's Angle(Deg C),30,0.004110021,0.006714000685059804,1.0,IBS_N
Electronic Box Temperature(DegC),40,0.2638467,0.4620630607175162,0.9999999999999999,IBS_N
Solar Wind Analyser temperature(DegC),40,0.020936163,0.03666457664795814,0.9999999999999999,IBS_N
Out Board Sensor Temperature(Deg C),40,0.03710812,0.06498580995962003,0.9999999999999999,IBS_N
In Board Sensor Temperature(Deg C),40,0.03966258,0.0694593228217497,0.9999999999999999,IBS_N
Out Board Sensor minus In Board Sensor Temp.(DegC),40,0.11102846,0.19443923329096904,0.9999999999999999,IBS_N
Search Coil Magnetometer's Temperature(Deg C),40,0.09253116,0.16204572958972846,0.9999999999999999,IBS_N
Solar Array's Angle(Deg C),40,0.005905629,0.010342266972458342,0.9999999999999999,IBS_N
Electronic Box Temperature(DegC),50,0.2613949,0.4428137475216345,0.9999999999999999,IBS_N
Solar Wind Analyser temperature(DegC),50,0.015908495,0.026949647022107875,0.9999999999999999,IBS_N
Out Board Sensor Temperature(Deg C),50,0.018348224,0.031082648627828603,0.9999999999999999,IBS_N
In Board Sensor Temperature(Deg C),50,0.035363384,0.05990703182841979,0.9999999999999999,IBS_N
Out Board Sensor minus In Board Sensor Temp.(DegC),50,0.19284478,0.3266870154000141,0.9999999999999999,IBS_N
Search Coil Magnetometer's Temperature(Deg C),50,0.06343732,0.1074654379329097,0.9999999999999999,IBS_N
Solar Array's Angle(Deg C),50,0.003007289,0.005094471667085275,0.9999999999999999,IBS_N
Electronic Box Temperature(DegC),60,0.31658727,0.49952968950703014,1.0,IBS_N
Solar Wind Analyser temperature(DegC),60,0.027470816,0.043345040964485895,1.0,IBS_N
Out Board Sensor Temperature(Deg C),60,0.045625176,0.07199003927411107,1.0,IBS_N
In Board Sensor Temperature(Deg C),60,0.021955965,0.03464339036524502,1.0,IBS_N
Out Board Sensor minus In Board Sensor Temp.(DegC),60,0.16040748,0.2531001915490953,1.0,IBS_N
Search Coil Magnetometer's Temperature(Deg C),60,0.058062837,0.09161489954573128,1.0,IBS_N
Solar Array's Angle(Deg C),60,0.003661134,0.005776748794301272,1.0,IBS_N
Electronic Box Temperature(DegC),70,0.22579664,0.44072324873886104,1.0,IBS_N
Solar Wind Analyser temperature(DegC),70,0.03956393,0.07722322069308421,1.0,IBS_N
Out Board Sensor Temperature(Deg C),70,0.07282824,0.1421504701431052,1.0,IBS_N
In Board Sensor Temperature(Deg C),70,0.031401485,0.06129127733886835,1.0,IBS_N
Out Board Sensor minus In Board Sensor Temp.(DegC),70,0.08045906,0.15704475635100215,1.0,IBS_N
Search Coil Magnetometer's Temperature(Deg C),70,0.05636745,0.11002132576961869,1.0,IBS_N
Solar Array's Angle(Deg C),70,0.0059152325,0.011545700965460315,1.0,IBS_N
Electronic Box Temperature(DegC),80,0.19486319,0.37915893608218737,1.0,IBS_N
Solar Wind Analyser temperature(DegC),80,0.024749191,0.04815623170520224,1.0,IBS_N
Out Board Sensor Temperature(Deg C),80,0.07107204,0.13828983848407012,1.0,IBS_N
In Board Sensor Temperature(Deg C),80,0.08931089,0.1737784444201764,1.0,IBS_N
Out Board Sensor minus In Board Sensor Temp.(DegC),80,0.078051716,0.15187068218450617,1.0,IBS_N
Search Coil Magnetometer's Temperature(Deg C),80,0.04758134,0.09258234072717801,1.0,IBS_N
Solar Array's Angle(Deg C),80,0.008307008,0.01616352639667974,1.0,IBS_N
Electronic Box Temperature(DegC),90,0.18356372,0.3630040149574083,1.0000000000000002,IBS_N
Solar Wind Analyser temperature(DegC),90,0.028133478,0.05563498859532764,1.0000000000000002,IBS_N
Out Board Sensor Temperature(Deg C),90,0.08614344,0.17035182432695634,1.0000000000000002,IBS_N
In Board Sensor Temperature(Deg C),90,0.07019514,0.13881347387434384,1.0000000000000002,IBS_N
Out Board Sensor minus In Board Sensor Temp.(DegC),90,0.08127986,0.16073391580414717,1.0000000000000002,IBS_N
Search Coil Magnetometer's Temperature(Deg C),90,0.047481462,0.09389633933136468,1.0000000000000002,IBS_N
Solar Array's Angle(Deg C),90,0.008882486,0.01756544311045216,1.0000000000000002,IBS_N
Electronic Box Temperature(DegC),100,0.18541104,0.36375967735223,1.0,IBS_N
Solar Wind Analyser temperature(DegC),100,0.017299874,0.033940786829491025,1.0,IBS_N
Out Board Sensor Temperature(Deg C),100,0.09782866,0.19193097561720712,1.0,IBS_N
In Board Sensor Temperature(Deg C),100,0.04381152,0.08595423648727052,1.0,IBS_N
Out Board Sensor minus In Board Sensor Temp.(DegC),100,0.11566974,0.22693355962954706,1.0,IBS_N
Search Coil Magnetometer's Temperature(Deg C),100,0.04361181,0.08556242354471859,1.0,IBS_N
Solar Array's Angle(Deg C),100,0.0060748677,0.011918340539535745,1.0,IBS_N
Electronic Box Temperature(DegC),110,0.18073556,0.3622691583817693,1.0,IBS_N
Solar Wind Analyser temperature(DegC),110,0.021195237,0.04248406162955501,1.0,IBS_N
Out Board Sensor Temperature(Deg C),110,0.098482855,0.19740056132774217,1.0,IBS_N
In Board Sensor Temperature(Deg C),110,0.043686423,0.08756574352562368,1.0,IBS_N
Out Board Sensor minus In Board Sensor Temp.(DegC),110,0.10465405,0.20977020025690354,1.0,IBS_N
Search Coil Magnetometer's Temperature(Deg C),110,0.041646317,0.08347652343174954,1.0,IBS_N
Solar Array's Angle(Deg C),110,0.008498114,0.017033751446656822,1.0,IBS_N
Electronic Box Temperature(DegC),120,0.18292938,0.3508776439052388,1.0,IBS_N
Solar Wind Analyser temperature(DegC),120,0.024641972,0.047265874276394886,1.0,IBS_N
Out Board Sensor Temperature(Deg C),120,0.08634546,0.16561960449827162,1.0,IBS_N
In Board Sensor Temperature(Deg C),120,0.05663188,0.10862585673402607,1.0,IBS_N
Out Board Sensor minus In Board Sensor Temp.(DegC),120,0.11950989,0.22923244274142435,1.0,IBS_N
Search Coil Magnetometer's Temperature(Deg C),120,0.037850343,0.07260090846448584,1.0,IBS_N
Solar Array's Angle(Deg C),120,0.013439138,0.02577766938015841,1.0,IBS_N
Electronic Box Temperature(DegC),130,0.19820382,0.3732490833611374,0.9999999999999999,IBS_N
Solar Wind Analyser temperature(DegC),130,0.025048861,0.047170959709507826,0.9999999999999999,IBS_N
Out Board Sensor Temperature(Deg C),130,0.059985816,0.11296276144763429,0.9999999999999999,IBS_N
In Board Sensor Temperature(Deg C),130,0.085929334,0.16181850152702915,0.9999999999999999,IBS_N
Out Board Sensor minus In Board Sensor Temp.(DegC),130,0.10580389,0.19924542805755513,0.9999999999999999,IBS_N
Search Coil Magnetometer's Temperature(Deg C),130,0.03262108,0.06143064350752841,0.9999999999999999,IBS_N
Solar Array's Angle(Deg C),130,0.023430124,0.044122622389607756,0.9999999999999999,IBS_N
Electronic Box Temperature(DegC),140,0.20707491,0.38152634116212464,1.0,IBS_N
Solar Wind Analyser temperature(DegC),140,0.019352892,0.03565684551385657,1.0,IBS_N
Out Board Sensor Temperature(Deg C),140,0.054426964,0.10027926819083333,1.0,IBS_N
In Board Sensor Temperature(Deg C),140,0.09411126,0.17339582419694116,1.0,IBS_N
Out Board Sensor minus In Board Sensor Temp.(DegC),140,0.110897265,0.20432329421433307,1.0,IBS_N
Search Coil Magnetometer's Temperature(Deg C),140,0.03668178,0.06758455339043247,1.0,IBS_N
Solar Array's Angle(Deg C),140,0.02020883,0.03723387333147883,1.0,IBS_N
Electronic Box Temperature(DegC),150,0.18386674,0.3586397047711897,1.0,IBS_N
Solar Wind Analyser temperature(DegC),150,0.017927809,0.03496893525688375,1.0,IBS_N
Out Board Sensor Temperature(Deg C),150,0.05057889,0.09865622339991714,1.0,IBS_N
In Board Sensor Temperature(Deg C),150,0.07091974,0.13833189524135542,1.0,IBS_N
Out Board Sensor minus In Board Sensor Temp.(DegC),150,0.11548576,0.22525976623981298,1.0,IBS_N
Search Coil Magnetometer's Temperature(Deg C),150,0.040659104,0.07930726924739678,1.0,IBS_N
Solar Array's Angle(Deg C),150,0.033240106,0.06483620584344428,1.0,IBS_N
Electronic Box Temperature(DegC),160,0.13887003,0.2834846866737338,1.0,IBS_N
Solar Wind Analyser temperature(DegC),160,0.021163665,0.04320280582781516,1.0,IBS_N
Out Board Sensor Temperature(Deg C),160,0.03250014,0.06634471098445417,1.0,IBS_N
In Board Sensor Temperature(Deg C),160,0.121189155,0.24739153317263313,1.0,IBS_N
Out Board Sensor minus In Board Sensor Temp.(DegC),160,0.1074568,0.21935875781809852,1.0,IBS_N
Search Coil Magnetometer's Temperature(Deg C),160,0.041313402,0.08433581256802498,1.0,IBS_N
Solar Array's Angle(Deg C),160,0.027374644,0.05588169295524028,1.0,IBS_N
Electronic Box Temperature(DegC),170,0.11685265,0.23891357923462356,0.9999999999999998,IBS_N
Solar Wind Analyser temperature(DegC),170,0.016124869,0.03296844502439119,0.9999999999999998,IBS_N
Out Board Sensor Temperature(Deg C),170,0.029329397,0.059966044536116474,0.9999999999999998,IBS_N
In Board Sensor Temperature(Deg C),170,0.09141316,0.18690072706735636,0.9999999999999998,IBS_N
Out Board Sensor minus In Board Sensor Temp.(DegC),170,0.12693867,0.25953516666487864,0.9999999999999998,IBS_N
Search Coil Magnetometer's Temperature(Deg C),170,0.052658048,0.10766313577987842,0.9999999999999998,IBS_N
Solar Array's Angle(Deg C),170,0.055783283,0.11405290169275518,0.9999999999999998,IBS_N
Electronic Box Temperature(DegC),180,0.08223246,0.1619092539896634,1.0,IBS_N
Solar Wind Analyser temperature(DegC),180,0.017903091,0.0352497798061624,1.0,IBS_N
Out Board Sensor Temperature(Deg C),180,0.027250635,0.05365435964818043,1.0,IBS_N
In Board Sensor Temperature(Deg C),180,0.08465353,0.16667615063311486,1.0,IBS_N
Out Board Sensor minus In Board Sensor Temp.(DegC),180,0.15872274,0.31251260663484115,1.0,IBS_N
Search Coil Magnetometer's Temperature(Deg C),180,0.058976233,0.11611956991376118,1.0,IBS_N
Solar Array's Angle(Deg C),180,0.07815359,0.1538782793742765,1.0,IBS_N
Electronic Box Temperature(DegC),20,0.14804398,0.22423028476984957,1.0000000000000002,IBS_R
Solar Wind Analyser temperature(DegC),20,0.052203864,0.07906898538398184,1.0000000000000002,IBS_R
Out Board Sensor Temperature(Deg C),20,0.096707165,0.14647454862558296,1.0000000000000002,IBS_R
In Board Sensor Temperature(Deg C),20,0.07291453,0.11043776197964782,1.0000000000000002,IBS_R
Out Board Sensor minus In Board Sensor Temp.(DegC),20,0.15173325,0.22981812469885488,1.0000000000000002,IBS_R
Search Coil Magnetometer's Temperature(Deg C),20,0.12206626,0.18488392598328213,1.0000000000000002,IBS_R
Solar Array's Angle(Deg C),20,0.01656282,0.025086368558800972,1.0000000000000002,IBS_R
Electronic Box Temperature(DegC),30,0.15287241,0.2851959950919899,0.9999999999999999,IBS_R
Solar Wind Analyser temperature(DegC),30,0.016883072,0.031496752875484285,0.9999999999999999,IBS_R
Out Board Sensor Temperature(Deg C),30,0.054259226,0.1012250277992685,0.9999999999999999,IBS_R
In Board Sensor Temperature(Deg C),30,0.06624861,0.12359220511020369,0.9999999999999999,IBS_R
Out Board Sensor minus In Board Sensor Temp.(DegC),30,0.10505297,0.19598491524087938,0.9999999999999999,IBS_R
Search Coil Magnetometer's Temperature(Deg C),30,0.12778173,0.23838727761226491,0.9999999999999999,IBS_R
Solar Array's Angle(Deg C),30,0.012927777,0.024117826269909267,0.9999999999999999,IBS_R
Electronic Box Temperature(DegC),40,0.28381962,0.41198568498356286,1.0,IBS_R
Solar Wind Analyser temperature(DegC),40,0.01612683,0.023409315762467273,1.0,IBS_R
Out Board Sensor Temperature(Deg C),40,0.088427305,0.12835893382450245,1.0,IBS_R
In Board Sensor Temperature(Deg C),40,0.10208729,0.1481874371432307,1.0,IBS_R
Out Board Sensor minus In Board Sensor Temp.(DegC),40,0.06600482,0.09581099777357455,1.0,IBS_R
Search Coil Magnetometer's Temperature(Deg C),40,0.09761495,0.14169549673974705,1.0,IBS_R
Solar Array's Angle(Deg C),40,0.034825694,0.05055213377291519,1.0,IBS_R
Electronic Box Temperature(DegC),50,0.2865722,0.40230915116378724,1.0,IBS_R
Solar Wind Analyser temperature(DegC),50,0.025235714,0.035427576988808065,1.0,IBS_R
Out Board Sensor Temperature(Deg C),50,0.09272266,0.13017024902711585,1.0,IBS_R
In Board Sensor Temperature(Deg C),50,0.1194591,0.1677046451811794,1.0,IBS_R
Out Board Sensor minus In Board Sensor Temp.(DegC),50,0.06127431,0.08602095961941444,1.0,IBS_R
Search Coil Magnetometer's Temperature(Deg C),50,0.056329343,0.07907888541855707,1.0,IBS_R
Solar Array's Angle(Deg C),50,0.070725046,0.09928853260113789,1.0,IBS_R
Electronic Box Temperature(DegC),60,0.30759445,0.4331658956399923,1.0,IBS_R
Solar Wind Analyser temperature(DegC),60,0.018666044,0.026286214420694207,1.0,IBS_R
Out Board Sensor Temperature(Deg C),60,0.11663696,0.1642524864903315,1.0,IBS_R
In Board Sensor Temperature(Deg C),60,0.088365585,0.12443968924106681,1.0,IBS_R
Out Board Sensor minus In Board Sensor Temp.(DegC),60,0.08589785,0.12096453342639865,1.0,IBS_R
Search Coil Magnetometer's Temperature(Deg C),60,0.031474173,0.04432309600213223,1.0,IBS_R
Solar Array's Angle(Deg C),60,0.061472666,0.08656808477938435,1.0,IBS_R
Electronic Box Temperature(DegC),70,0.34705374,0.4695123744243465,0.9999999999999999,IBS_R
Solar Wind Analyser temperature(DegC),70,0.02049176,0.02772232016209895,0.9999999999999999,IBS_R
Out Board Sensor Temperature(Deg C),70,0.113592274,0.15367354428164628,0.9999999999999999,IBS_R
In Board Sensor Temperature(Deg C),70,0.08005955,0.10830872883215345,0.9999999999999999,IBS_R
Out Board Sensor minus In Board Sensor Temp.(DegC),70,0.06455783,0.08733719466899653,0.9999999999999999,IBS_R
Search Coil Magnetometer's Temperature(Deg C),70,0.05688101,0.07695159275550524,0.9999999999999999,IBS_R
Solar Array's Angle(Deg C),70,0.056542948,0.07649424487525291,0.9999999999999999,IBS_R
Electronic Box Temperature(DegC),80,0.3110956,0.42174394153005706,0.9999999999999999,IBS_R
Solar Wind Analyser temperature(DegC),80,0.020044424,0.027173686749216875,0.9999999999999999,IBS_R
Out Board Sensor Temperature(Deg C),80,0.11400333,0.15455124965364922,0.9999999999999999,IBS_R
In Board Sensor Temperature(Deg C),80,0.0863046,0.11700082603603187,0.9999999999999999,IBS_R
Out Board Sensor minus In Board Sensor Temp.(DegC),80,0.092901945,0.12594466929171796,0.9999999999999999,IBS_R
Search Coil Magnetometer's Temperature(Deg C),80,0.070115864,0.09505419185338987,0.9999999999999999,IBS_R
Solar Array's Angle(Deg C),80,0.043175183,0.05853143488593703,0.9999999999999999,IBS_R
Electronic Box Temperature(DegC),90,0.289036,0.37843817357532766,1.0000000000000002,IBS_R
Solar Wind Analyser temperature(DegC),90,0.02841588,0.03720523992767573,1.0000000000000002,IBS_R
Out Board Sensor Temperature(Deg C),90,0.10333525,0.13529803649355057,1.0000000000000002,IBS_R
In Board Sensor Temperature(Deg C),90,0.08668859,0.11350237226304133,1.0000000000000002,IBS_R
Out Board Sensor minus In Board Sensor Temp.(DegC),90,0.13211362,0.17297788876549938,1.0000000000000002,IBS_R
Search Coil Magnetometer's Temperature(Deg C),90,0.06686121,0.08754215459470943,1.0000000000000002,IBS_R
Solar Array's Angle(Deg C),90,0.05730961,0.075036134380196,1.0000000000000002,IBS_R
Electronic Box Temperature(DegC),100,0.2820434,0.3893052172702458,1.0,IBS_R
Solar Wind Analyser temperature(DegC),100,0.024130354,0.03330718856310037,1.0,IBS_R
Out Board Sensor Temperature(Deg C),100,0.09180332,0.1267163544288925,1.0,IBS_R
In Board Sensor Temperature(Deg C),100,0.09587662,0.13233874070528434,1.0,IBS_R
Out Board Sensor minus In Board Sensor Temp.(DegC),100,0.1169748,0.1614606118389707,1.0,IBS_R
Search Coil Magnetometer's Temperature(Deg C),100,0.057133704,0.07886179591216781,1.0,IBS_R
Solar Array's Angle(Deg C),100,0.056516662,0.07801009128133841,1.0,IBS_R
Electronic Box Temperature(DegC),110,0.23951851,0.3358038209985027,1.0,IBS_R
Solar Wind Analyser temperature(DegC),110,0.017754387,0.02489156681079113,1.0,IBS_R
Out Board Sensor Temperature(Deg C),110,0.10782571,0.15117113671037977,1.0,IBS_R
In Board Sensor Temperature(Deg C),110,0.06532422,0.09158424824764821,1.0,IBS_R
Out Board Sensor minus In Board Sensor Temp.(DegC),110,0.15978186,0.22401341388708462,1.0,IBS_R
Search Coil Magnetometer's Temperature(Deg C),110,0.03474837,0.04871705080108315,1.0,IBS_R
Solar Array's Angle(Deg C),110,0.088316105,0.12381876254451053,1.0,IBS_R
Electronic Box Temperature(DegC),120,0.20503293,0.2783373666289029,1.0,IBS_R
Solar Wind Analyser temperature(DegC),120,0.023252603,0.0315659942346204,1.0,IBS_R
Out Board Sensor Temperature(Deg C),120,0.06421909,0.08717903215792953,1.0,IBS_R
In Board Sensor Temperature(Deg C),120,0.07557844,0.10259963589029597,1.0,IBS_R
Out Board Sensor minus In Board Sensor Temp.(DegC),120,0.17866644,0.2425441923624702,1.0,IBS_R
Search Coil Magnetometer's Temperature(Deg C),120,0.03614338,0.04906554869146024,1.0,IBS_R
Solar Array's Angle(Deg C),120,0.1537417,0.20870823003432085,1.0,IBS_R
Electronic Box Temperature(DegC),130,0.17671685,0.24131749717930573,1.0000000000000002,IBS_R
Solar Wind Analyser temperature(DegC),130,0.017624123,0.024066800943657814,1.0000000000000002,IBS_R
Out Board Sensor Temperature(Deg C),130,0.051744685,0.07066048244143987,1.0000000000000002,IBS_R
In Board Sensor Temperature(Deg C),130,0.06409457,0.08752499388249516,1.0000000000000002,IBS_R
Out Board Sensor minus In Board Sensor Temp.(DegC),130,0.23497958,0.3208787624600848,1.0000000000000002,IBS_R
Search Coil Magnetometer's Temperature(Deg C),130,0.068445,0.09346576794707229,1.0000000000000002,IBS_R
Solar Array's Angle(Deg C),130,0.118695386,0.1620856951459445,1.0000000000000002,IBS_R
Electronic Box Temperature(DegC),140,0.09134178,0.13928926635093777,1.0,IBS_R
Solar Wind Analyser temperature(DegC),140,0.0251895,0.03841207139544409,1.0,IBS_R
Out Board Sensor Temperature(Deg C),140,0.05463058,0.0833074788834443,1.0,IBS_R
In Board Sensor Temperature(Deg C),140,0.06592426,0.10052948180042554,1.0,IBS_R
Out Board Sensor minus In Board Sensor Temp.(DegC),140,0.24419563,0.3723797603769606,1.0,IBS_R
Search Coil Magnetometer's Temperature(Deg C),140,0.091868185,0.14009199393357813,1.0,IBS_R
Solar Array's Angle(Deg C),140,0.08262048,0.12598994725920962,1.0,IBS_R
Electronic Box Temperature(DegC),150,0.14033704,0.20378653622496584,1.0,IBS_R
Solar Wind Analyser temperature(DegC),150,0.019301577,0.028028249138712543,1.0,IBS_R
Out Board Sensor Temperature(Deg C),150,0.043145567,0.06265263719679559,1.0,IBS_R
In Board Sensor Temperature(Deg C),150,0.074035674,0.10750884842334398,1.0,IBS_R
Out Board Sensor minus In Board Sensor Temp.(DegC),150,0.12581947,0.18270525002494709,1.0,IBS_R
Search Coil Magnetometer's Temperature(Deg C),150,0.042575333,0.06182458772605211,1.0,IBS_R
Solar Array's Angle(Deg C),150,0.2434326,0.3534938912651829,1.0,IBS_R
Electronic Box Temperature(DegC),160,0.14637569,0.19842512883189786,0.9999999999999999,IBS_R
Solar Wind Analyser temperature(DegC),160,0.01569295,0.021273174702046028,0.9999999999999999,IBS_R
Out Board Sensor Temperature(Deg C),160,0.054677617,0.0741203214648974,0.9999999999999999,IBS_R
In Board Sensor Temperature(Deg C),160,0.08278274,0.11221928893764739,0.9999999999999999,IBS_R
Out Board Sensor minus In Board Sensor Temp.(DegC),160,0.13096191,0.1775303936317664,0.9999999999999999,IBS_R
Search Coil Magnetometer's Temperature(Deg C),160,0.050318215,0.06821076842723088,0.9999999999999999,IBS_R
Solar Array's Angle(Deg C),160,0.25687814,0.34822092400451393,0.9999999999999999,IBS_R
Electronic Box Temperature(DegC),170,0.15043001,0.20062443661569823,1.0,IBS_R
Solar Wind Analyser temperature(DegC),170,0.016016213,0.0213603901897103,1.0,IBS_R
Out Board Sensor Temperature(Deg C),170,0.05593167,0.07459455585175558,1.0,IBS_R
In Board Sensor Temperature(Deg C),170,0.0933791,0.12453718064089038,1.0,IBS_R
Out Board Sensor minus In Board Sensor Temp.(DegC),170,0.11726657,0.15639525344780167,1.0,IBS_R
Search Coil Magnetometer's Temperature(Deg C),170,0.075642996,0.10088301833140552,1.0,IBS_R
Solar Array's Angle(Deg C),170,0.24114245,0.32160516492273833,1.0,IBS_R
Electronic Box Temperature(DegC),180,0.1074968,0.13965273214091964,1.0000000000000002,IBS_R
Solar Wind Analyser temperature(DegC),180,0.016024489,0.02081795616252868,1.0000000000000002,IBS_R
Out Board Sensor Temperature(Deg C),180,0.030550774,0.039689544787563646,1.0000000000000002,IBS_R
In Board Sensor Temperature(Deg C),180,0.12286128,0.15961324826720913,1.0000000000000002,IBS_R
Out Board Sensor minus In Board Sensor Temp.(DegC),180,0.13514678,0.17557375723786933,1.0000000000000002,IBS_R
Search Coil Magnetometer's Temperature(Deg C),180,0.12249172,0.15913314035990397,1.0000000000000002,IBS_R
Solar Array's Angle(Deg C),180,0.23517178,0.30551962104400576,1.0000000000000002,IBS_R
Electronic Box Temperature(DegC),20,0.070851974,0.09278556637613485,0.9999999999999999,IBS_T
Solar Wind Analyser temperature(DegC),20,0.03673018,0.04810071423553253,0.9999999999999999,IBS_T
Out Board Sensor Temperature(Deg C),20,0.3953809,0.5177786682528553,0.9999999999999999,IBS_T
In Board Sensor Temperature(Deg C),20,0.083745085,0.10966998806472991,0.9999999999999999,IBS_T
Out Board Sensor minus In Board Sensor Temp.(DegC),20,0.04549689,0.059581328065788336,0.9999999999999999,IBS_T
Search Coil Magnetometer's Temperature(Deg C),20,0.11723055,0.15352152331473212,0.9999999999999999,IBS_T
Solar Array's Angle(Deg C),20,0.014174288,0.018562211690226888,0.9999999999999999,IBS_T
Electronic Box Temperature(DegC),30,0.105184324,0.14146609611011188,1.0,IBS_T
Solar Wind Analyser temperature(DegC),30,0.053656355,0.07216431864265518,1.0,IBS_T
Out Board Sensor Temperature(Deg C),30,0.36572003,0.4918697287380295,1.0,IBS_T
In Board Sensor Temperature(Deg C),30,0.089767225,0.12073109752921016,1.0,IBS_T
Out Board Sensor minus In Board Sensor Temp.(DegC),30,0.03399829,0.045725495756567834,1.0,IBS_T
Search Coil Magnetometer's Temperature(Deg C),30,0.08513047,0.11449496268017083,1.0,IBS_T
Solar Array's Angle(Deg C),30,0.0100735715,0.013548300543254753,1.0,IBS_T
Electronic Box Temperature(DegC),40,0.076362975,0.11484716298538444,0.9999999999999998,IBS_T
Solar Wind Analyser temperature(DegC),40,0.0369948,0.05563884624992283,0.9999999999999998,IBS_T
Out Board Sensor Temperature(Deg C),40,0.33886918,0.5096470370121591,0.9999999999999998,IBS_T
In Board Sensor Temperature(Deg C),40,0.124134876,0.18669438083236659,0.9999999999999998,IBS_T
Out Board Sensor minus In Board Sensor Temp.(DegC),40,0.031699643,0.04767512091035611,0.9999999999999998,IBS_T
Search Coil Magnetometer's Temperature(Deg C),40,0.04795044,0.07211573407008956,0.9999999999999998,IBS_T
Solar Array's Angle(Deg C),40,0.008897632,0.01338171793972108,0.9999999999999998,IBS_T
Electronic Box Temperature(DegC),50,0.062113706,0.1020434508866451,0.9999999999999998,IBS_T
Solar Wind Analyser temperature(DegC),50,0.031056568,0.05102125723130663,0.9999999999999998,IBS_T
Out Board Sensor Temperature(Deg C),50,0.27957854,0.4593053748145368,0.9999999999999998,IBS_T
In Board Sensor Temperature(Deg C),50,0.15586804,0.2560676814958946,0.9999999999999998,IBS_T
Out Board Sensor minus In Board Sensor Temp.(DegC),50,0.03512981,0.05771297950555669,0.9999999999999998,IBS_T
Search Coil Magnetometer's Temperature(Deg C),50,0.03631342,0.059657472221929825,0.9999999999999998,IBS_T
Solar Array's Angle(Deg C),50,0.008638519,0.014191783844130161,0.9999999999999998,IBS_T
Electronic Box Temperature(DegC),60,0.063795105,0.09940220520581773,0.9999999999999998,IBS_T
Solar Wind Analyser temperature(DegC),60,0.026034286,0.04056526655703361,0.9999999999999998,IBS_T
Out Board Sensor Temperature(Deg C),60,0.21419854,0.3337529929273814,0.9999999999999998,IBS_T
In Board Sensor Temperature(Deg C),60,0.21727422,0.33854535708302363,0.9999999999999998,IBS_T
Out Board Sensor minus In Board Sensor Temp.(DegC),60,0.07233496,0.11270856184772511,0.9999999999999998,IBS_T
Search Coil Magnetometer's Temperature(Deg C),60,0.03898312,0.060741464314589926,0.9999999999999998,IBS_T
Solar Array's Angle(Deg C),60,0.009167392,0.014284152064428325,0.9999999999999998,IBS_T
Electronic Box Temperature(DegC),70,0.082485616,0.1426967264857683,0.9999999999999999,IBS_T
Solar Wind Analyser temperature(DegC),70,0.05895959,0.10199766815032382,0.9999999999999999,IBS_T
Out Board Sensor Temperature(Deg C),70,0.088832565,0.15367668747038557,0.9999999999999999,IBS_T
In Board Sensor Temperature(Deg C),70,0.14508359,0.250988649461057,0.9999999999999999,IBS_T
Out Board Sensor minus In Board Sensor Temp.(DegC),70,0.11058162,0.1913016589885583,0.9999999999999999,IBS_T
Search Coil Magnetometer's Temperature(Deg C),70,0.06518674,0.11277038178727906,0.9999999999999999,IBS_T
Solar Array's Angle(Deg C),70,0.02691869,0.046568227656627874,0.9999999999999999,IBS_T
Electronic Box Temperature(DegC),80,0.06717206,0.11905150067577333,0.9999999999999998,IBS_T
Solar Wind Analyser temperature(DegC),80,0.061038733,0.1081811807319568,0.9999999999999998,IBS_T
Out Board Sensor Temperature(Deg C),80,0.109421514,0.1939317544811807,0.9999999999999998,IBS_T
In Board Sensor Temperature(Deg C),80,0.1833889,0.3250268601600029,0.9999999999999998,IBS_T
Out Board Sensor minus In Board Sensor Temp.(DegC),80,0.08696172,0.15412543946614723,0.9999999999999998,IBS_T
Search Coil Magnetometer's Temperature(Deg C),80,0.041047264,0.07274956846395132,0.9999999999999998,IBS_T
Solar Array's Angle(Deg C),80,0.015196716,0.026933696020987524,0.9999999999999998,IBS_T
Electronic Box Temperature(DegC),90,0.08476343,0.12616533460283427,0.9999999999999999,IBS_T
Solar Wind Analyser temperature(DegC),90,0.07564509,0.11259322671241019,0.9999999999999999,IBS_T
Out Board Sensor Temperature(Deg C),90,0.102051124,0.1518970410477175,0.9999999999999999,IBS_T
In Board Sensor Temperature(Deg C),90,0.15762116,0.23460974139303797,0.9999999999999999,IBS_T
Out Board Sensor minus In Board Sensor Temp.(DegC),90,0.09283978,0.13818650222334702,0.9999999999999999,IBS_T
Search Coil Magnetometer's Temperature(Deg C),90,0.13355775,0.19879278384029161,0.9999999999999999,IBS_T
Solar Array's Angle(Deg C),90,0.025365721,0.03775537018036127,0.9999999999999999,IBS_T
Electronic Box Temperature(DegC),100,0.07313827,0.12478744832836716,0.9999999999999999,IBS_T
Solar Wind Analyser temperature(DegC),100,0.08690222,0.14827129884081747,0.9999999999999999,IBS_T
Out Board Sensor Temperature(Deg C),100,0.0609783,0.10404028507102603,0.9999999999999999,IBS_T
In Board Sensor Temperature(Deg C),100,0.2033092,0.3468831883729498,0.9999999999999999,IBS_T
Out Board Sensor minus In Board Sensor Temp.(DegC),100,0.05381016,0.09181010927030636,0.9999999999999999,IBS_T
Search Coil Magnetometer's Temperature(Deg C),100,0.057422392,0.09797324676385213,0.9999999999999999,IBS_T
Solar Array's Angle(Deg C),100,0.050542235,0.08623442335268101,0.9999999999999999,IBS_T
Electronic Box Temperature(DegC),110,0.07552809,0.1401163067849189,1.0,IBS_T
Solar Wind Analyser temperature(DegC),110,0.07125167,0.13218288523723826,1.0,IBS_T
Out Board Sensor Temperature(Deg C),110,0.0731385,0.13568324717054,1.0,IBS_T
In Board Sensor Temperature(Deg C),110,0.17459694,0.3239043699999309,1.0,IBS_T
Out Board Sensor minus In Board Sensor Temp.(DegC),110,0.060204208,0.111688131897299,1.0,IBS_T
Search Coil Magnetometer's Temperature(Deg C),110,0.054781556,0.10162827243018081,1.0,IBS_T
Solar Array's Angle(Deg C),110,0.02953758,0.05479678647989225,1.0,IBS_T
Electronic Box Temperature(DegC),120,0.07808725,0.15601344950026919,1.0000000000000002,IBS_T
Solar Wind Analyser temperature(DegC),120,0.075098336,0.15004178596493342,1.0000000000000002,IBS_T
Out Board Sensor Temperature(Deg C),120,0.051584247,0.10306210443246384,1.0000000000000002,IBS_T
In Board Sensor Temperature(Deg C),120,0.13494825,0.269618176930609,1.0000000000000002,IBS_T
Out Board Sensor minus In Board Sensor Temp.(DegC),120,0.07278809,0.14542605871555278,1.0000000000000002,IBS_T
Search Coil Magnetometer's Temperature(Deg C),120,0.06161059,0.12309411167183874,1.0000000000000002,IBS_T
Solar Array's Angle(Deg C),120,0.02639938,0.05274431278433312,1.0000000000000002,IBS_T
Electronic Box Temperature(DegC),130,0.069850735,0.1265003858655813,1.0,IBS_T
Solar Wind Analyser temperature(DegC),130,0.09701914,0.17570264144460118,1.0,IBS_T
Out Board Sensor Temperature(Deg C),130,0.07406432,0.13413123081484957,1.0,IBS_T
In Board Sensor Temperature(Deg C),130,0.13453999,0.24365327937281478,1.0,IBS_T
Out Board Sensor minus In Board Sensor Temp.(DegC),130,0.059907947,0.10849389647674852,1.0,IBS_T
Search Coil Magnetometer's Temperature(Deg C),130,0.104727,0.1896616536754371,1.0,IBS_T
Solar Array's Angle(Deg C),130,0.012068907,0.02185691234996762,1.0,IBS_T
Electronic Box Temperature(DegC),140,0.13071467,0.21748468288647707,1.0,IBS_T
Solar Wind Analyser temperature(DegC),140,0.101617746,0.16907286125152265,1.0,IBS_T
Out Board Sensor Temperature(Deg C),140,0.10178628,0.1693532702029096,1.0,IBS_T
In Board Sensor Temperature(Deg C),140,0.10277364,0.17099605196944576,1.0,IBS_T
Out Board Sensor minus In Board Sensor Temp.(DegC),140,0.061720315,0.1026910226329491,1.0,IBS_T
Search Coil Magnetometer's Temperature(Deg C),140,0.099570476,0.16566658813211688,1.0,IBS_T
Solar Array's Angle(Deg C),140,0.0028461881,0.004735522924578891,1.0,IBS_T
Electronic Box Temperature(DegC),150,0.10547869,0.18198203606925642,0.9999999999999999,IBS_T
Solar Wind Analyser temperature(DegC),150,0.13536938,0.23355234496970792,0.9999999999999999,IBS_T
Out Board Sensor Temperature(Deg C),150,0.087022565,0.1501397444608879,0.9999999999999999,IBS_T
In Board Sensor Temperature(Deg C),150,0.10041795,0.17325075803369183,0.9999999999999999,IBS_T
Out Board Sensor minus In Board Sensor Temp.(DegC),150,0.07423082,0.12807018898974268,0.9999999999999999,IBS_T
Search Coil Magnetometer's Temperature(Deg C),150,0.06777584,0.11693343327931123,0.9999999999999999,IBS_T
Solar Array's Angle(Deg C),150,0.009315206,0.0160714941974019,0.9999999999999999,IBS_T
Electronic Box Temperature(DegC),160,0.07650366,0.13484367341521172,1.0000000000000002,IBS_T
Solar Wind Analyser temperature(DegC),160,0.14200139,0.2502885359689473,1.0000000000000002,IBS_T
Out Board Sensor Temperature(Deg C),160,0.0846163,0.149142834771612,1.0000000000000002,IBS_T
In Board Sensor Temperature(Deg C),160,0.11750063,0.20710403368677563,1.0000000000000002,IBS_T
Out Board Sensor minus In Board Sensor Temp.(DegC),160,0.079188325,0.13957560507036718,1.0000000000000002,IBS_T
Search Coil Magnetometer's Temperature(Deg C),160,0.060857914,0.10726682462181603,1.0000000000000002,IBS_T
Solar Array's Angle(Deg C),160,0.0066825366,0.011778492465270282,1.0000000000000002,IBS_T
Electronic Box Temperature(DegC),170,0.103204474,0.17416803464917435,0.9999999999999999,IBS_T
Solar Wind Analyser temperature(DegC),170,0.13919427,0.23490447168333545,0.9999999999999999,IBS_T
Out Board Sensor Temperature(Deg C),170,0.08602182,0.14517056039978496,0.9999999999999999,IBS_T
In Board Sensor Temperature(Deg C),170,0.10288054,0.17362136311499216,0.9999999999999999,IBS_T
Out Board Sensor minus In Board Sensor Temp.(DegC),170,0.077463716,0.13072789046278943,0.9999999999999999,IBS_T
Search Coil Magnetometer's Temperature(Deg C),170,0.07130488,0.1203342290228156,0.9999999999999999,IBS_T
Solar Array's Angle(Deg C),170,0.012487219,0.02107345066710798,0.9999999999999999,IBS_T
Electronic Box Temperature(DegC),180,0.104354165,0.1673633279407231,1.0,IBS_T
Solar Wind Analyser temperature(DegC),180,0.14704521,0.23583127423177117,1.0,IBS_T
Out Board Sensor Temperature(Deg C),180,0.099803254,0.16006457172795435,1.0,IBS_T
In Board Sensor Temperature(Deg C),180,0.114504315,0.18364214999921524,1.0,IBS_T
Out Board Sensor minus In Board Sensor Temp.(DegC),180,0.06849525,0.10985275947665157,1.0,IBS_T
Search Coil Magnetometer's Temperature(Deg C),180,0.07996714,0.12825138964316102,1.0,IBS_T
Solar Array's Angle(Deg C),180,0.009349368,0.014994526980523512,1.0,IBS_T
Electronic Box Temperature(DegC),20,0.029707946,0.04828690852393451,0.9999999999999999,OBS_N
Solar Wind Analyser temperature(DegC),20,0.03766165,0.06121475541965904,0.9999999999999999,OBS_N
Out Board Sensor Temperature(Deg C),20,0.32674736,0.5310909035164227,0.9999999999999999,OBS_N
In Board Sensor Temperature(Deg C),20,0.074726135,0.12145888662555739,0.9999999999999999,OBS_N
Out Board Sensor minus In Board Sensor Temp.(DegC),20,0.03935875,0.06397319965730405,0.9999999999999999,OBS_N
Search Coil Magnetometer's Temperature(Deg C),20,0.030960552,0.05032287800289248,0.9999999999999999,OBS_N
Solar Array's Angle(Deg C),20,0.07607571,0.1236524682542297,0.9999999999999999,OBS_N
Electronic Box Temperature(DegC),30,0.072635055,0.12294326991023748,1.0000000000000002,OBS_N
Solar Wind Analyser temperature(DegC),30,0.019300032,0.032667546592374995,1.0000000000000002,OBS_N
Out Board Sensor Temperature(Deg C),30,0.27418107,0.4640833175288119,1.0000000000000002,OBS_N
In Board Sensor Temperature(Deg C),30,0.103465006,0.17512654404849476,1.0000000000000002,OBS_N
Out Board Sensor minus In Board Sensor Temp.(DegC),30,0.06189134,0.104758283981836,1.0000000000000002,OBS_N
Search Coil Magnetometer's Temperature(Deg C),30,0.04731432,0.08008498395684215,1.0000000000000002,OBS_N
Solar Array's Angle(Deg C),30,0.012014569,0.02033605398140294,1.0000000000000002,OBS_N
Electronic Box Temperature(DegC),40,0.10248214,0.20804523119073906,1.0,OBS_N
Solar Wind Analyser temperature(DegC),40,0.03285975,0.06670737248090143,1.0,OBS_N
Out Board Sensor Temperature(Deg C),40,0.19623533,0.39837014134990717,1.0,OBS_N
In Board Sensor Temperature(Deg C),40,0.058286946,0.11832618987047035,1.0,OBS_N
Out Board Sensor minus In Board Sensor Temp.(DegC),40,0.05167719,0.10490796680121774,1.0,OBS_N
Search Coil Magnetometer's Temperature(Deg C),40,0.03729206,0.07570524234055723,1.0,OBS_N
Solar Array's Angle(Deg C),40,0.0137620615,0.02793785596620708,1.0,OBS_N
Electronic Box Temperature(DegC),50,0.1543817,0.326814163964815,1.0,OBS_N
Solar Wind Analyser temperature(DegC),50,0.021033023,0.04452528912039267,1.0,OBS_N
Out Board Sensor Temperature(Deg C),50,0.13699782,0.2900138294130859,1.0,OBS_N
In Board Sensor Temperature(Deg C),50,0.04991936,0.10567543888983362,1.0,OBS_N
Out Board Sensor minus In Board Sensor Temp.(DegC),50,0.05795873,0.12269416575547776,1.0,OBS_N
Search Coil Magnetometer's Temperature(Deg C),50,0.03286039,0.06956291377415695,1.0,OBS_N
Solar Array's Angle(Deg C),50,0.019232726,0.04071419908223811,1.0,OBS_N
Electronic Box Temperature(DegC),60,0.17334792,0.40713529209116944,0.9999999999999999,OBS_N
Solar Wind Analyser temperature(DegC),60,0.018349655,0.043097097145424,0.9999999999999999,OBS_N
Out Board Sensor Temperature(Deg C),60,0.08715067,0.20468727566152004,0.9999999999999999,OBS_N
In Board Sensor Temperature(Deg C),60,0.06364178,0.14947289064386782,0.9999999999999999,OBS_N
Out Board Sensor minus In Board Sensor Temp.(DegC),60,0.043038826,0.1010835607071087,0.9999999999999999,OBS_N
Search Coil Magnetometer's Temperature(Deg C),60,0.033008486,0.07752570431244446,0.9999999999999999,OBS_N
Solar Array's Angle(Deg C),60,0.0072373953,0.01699817943846547,0.9999999999999999,OBS_N
Electronic Box Temperature(DegC),70,0.18461607,0.4017029337954537,1.0,OBS_N
Solar Wind Analyser temperature(DegC),70,0.034790184,0.07569936344156634,1.0,OBS_N
Out Board Sensor Temperature(Deg C),70,0.043295164,0.09420520325210752,1.0,OBS_N
In Board Sensor Temperature(Deg C),70,0.08641367,0.18802601939816066,1.0,OBS_N
Out Board Sensor minus In Board Sensor Temp.(DegC),70,0.05201082,0.11316944935025028,1.0,OBS_N
Search Coil Magnetometer's Temperature(Deg C),70,0.031722926,0.06902536947501957,1.0,OBS_N
Solar Array's Angle(Deg C),70,0.02673474,0.058171661287441924,1.0,OBS_N
Electronic Box Temperature(DegC),80,0.18831536,0.4369102928773357,0.9999999999999999,OBS_N
Solar Wind Analyser temperature(DegC),80,0.04116673,0.09551089226657986,0.9999999999999999,OBS_N
Out Board Sensor Temperature(Deg C),80,0.04101019,0.09514770395710252,0.9999999999999999,OBS_N
In Board Sensor Temperature(Deg C),80,0.06288684,0.14590369942489104,0.9999999999999999,OBS_N
Out Board Sensor minus In Board Sensor Temp.(DegC),80,0.05195534,0.12054153636719574,0.9999999999999999,OBS_N
Search Coil Magnetometer's Temperature(Deg C),80,0.032742105,0.07596492758195868,0.9999999999999999,OBS_N
Solar Array's Angle(Deg C),80,0.012939511,0.030020947524936403,0.9999999999999999,OBS_N
Electronic Box Temperature(DegC),90,0.1974002,0.46013629880698836,1.0000000000000002,OBS_N
Solar Wind Analyser temperature(DegC),90,0.0327807,0.07641121929107592,1.0000000000000002,OBS_N
Out Board Sensor Temperature(Deg C),90,0.056582827,0.13189354717885862,1.0000000000000002,OBS_N
In Board Sensor Temperature(Deg C),90,0.036536284,0.08516541772460712,1.0000000000000002,OBS_N
Out Board Sensor minus In Board Sensor Temp.(DegC),90,0.051486254,0.12001352762052167,1.0000000000000002,OBS_N
Search Coil Magnetometer's Temperature(Deg C),90,0.041651465,0.0970888121946625,1.0000000000000002,OBS_N
Solar Array's Angle(Deg C),90,0.012566025,0.029291177183285964,1.0000000000000002,OBS_N
Electronic Box Temperature(DegC),100,0.21239121,0.43456471953870646,1.0,OBS_N
Solar Wind Analyser temperature(DegC),100,0.031720657,0.06490230180801035,1.0,OBS_N
Out Board Sensor Temperature(Deg C),100,0.06784439,0.1388135521833725,1.0,OBS_N
In Board Sensor Temperature(Deg C),100,0.05458676,0.11168767318537655,1.0,OBS_N
Out Board Sensor minus In Board Sensor Temp.(DegC),100,0.063481584,0.12988699836887238,1.0,OBS_N
Search Coil Magnetometer's Temperature(Deg C),100,0.040749058,0.08337493327165697,1.0,OBS_N
Solar Array's Angle(Deg C),100,0.017971056,0.03676982164400489,1.0,OBS_N
Electronic Box Temperature(DegC),110,0.22285327,0.44896266326554113,0.9999999999999999,OBS_N
Solar Wind Analyser temperature(DegC),110,0.032416273,0.0653061822212564,0.9999999999999999,OBS_N
Out Board Sensor Temperature(Deg C),110,0.07266209,0.14638585040659463,0.9999999999999999,OBS_N
In Board Sensor Temperature(Deg C),110,0.0345315,0.06956754193714113,0.9999999999999999,OBS_N
Out Board Sensor minus In Board Sensor Temp.(DegC),110,0.063985564,0.12890602513477917,0.9999999999999999,OBS_N
Search Coil Magnetometer's Temperature(Deg C),110,0.05954795,0.11996595887510775,0.9999999999999999,OBS_N
Solar Array's Angle(Deg C),110,0.010377079,0.020905778159579703,0.9999999999999999,OBS_N
Electronic Box Temperature(DegC),120,0.2116921,0.41871922317402627,0.9999999999999999,OBS_N
Solar Wind Analyser temperature(DegC),120,0.039270032,0.0776746855128706,0.9999999999999999,OBS_N
Out Board Sensor Temperature(Deg C),120,0.08292535,0.16402330617644323,0.9999999999999999,OBS_N
In Board Sensor Temperature(Deg C),120,0.036865927,0.07291945384372096,0.9999999999999999,OBS_N
Out Board Sensor minus In Board Sensor Temp.(DegC),120,0.07129683,0.14102251936832133,0.9999999999999999,OBS_N
Search Coil Magnetometer's Temperature(Deg C),120,0.047722783,0.09439391751256956,0.9999999999999999,OBS_N
Solar Array's Angle(Deg C),120,0.015797509,0.03124689441204792,0.9999999999999999,OBS_N
Electronic Box Temperature(DegC),130,0.19290847,0.39594347875661834,1.0000000000000002,OBS_N
Solar Wind Analyser temperature(DegC),130,0.045691893,0.0937823365941121,1.0000000000000002,OBS_N
Out Board Sensor Temperature(Deg C),130,0.087413855,0.1794164135987736,1.0000000000000002,OBS_N
In Board Sensor Temperature(Deg C),130,0.033381715,0.06851577001238975,1.0000000000000002,OBS_N
Out Board Sensor minus In Board Sensor Temp.(DegC),130,0.058851384,0.12079211301920328,1.0000000000000002,OBS_N
Search Coil Magnetometer's Temperature(Deg C),130,0.046930525,0.09632462135215963,1.0000000000000002,OBS_N
Solar Array's Angle(Deg C),130,0.022034299,0.04522526666674344,1.0000000000000002,OBS_N
Electronic Box Temperature(DegC),140,0.19984864,0.381059292016648,0.9999999999999999,OBS_N
Solar Wind Analyser temperature(DegC),140,0.037061393,0.07066642123624536,0.9999999999999999,OBS_N
Out Board Sensor Temperature(Deg C),140,0.09632308,0.1836630195214886,0.9999999999999999,OBS_N
In Board Sensor Temperature(Deg C),140,0.04040527,0.07704232353015515,0.9999999999999999,OBS_N
Out Board Sensor minus In Board Sensor Temp.(DegC),140,0.067064434,0.1278744040466686,0.9999999999999999,OBS_N
Search Coil Magnetometer's Temperature(Deg C),140,0.059534885,0.11351751569784292,0.9999999999999999,OBS_N
Solar Array's Angle(Deg C),140,0.024217794,0.04617702395095121,0.9999999999999999,OBS_N
Electronic Box Temperature(DegC),150,0.18181813,0.3933943719113737,1.0,OBS_N
Solar Wind Analyser temperature(DegC),150,0.035121582,0.07599150146040885,1.0,OBS_N
Out Board Sensor Temperature(Deg C),150,0.089704014,0.1940898536656332,1.0,OBS_N
In Board Sensor Temperature(Deg C),150,0.038983345,0.08434708090595472,1.0,OBS_N
Out Board Sensor minus In Board Sensor Temp.(DegC),150,0.039579056,0.08563600272406875,1.0,OBS_N
Search Coil Magnetometer's Temperature(Deg C),150,0.05066114,0.10961397166835987,1.0,OBS_N
Solar Array's Angle(Deg C),150,0.026310494,0.05692721766420085,1.0,OBS_N
Electronic Box Temperature(DegC),160,0.27770838,0.4875507035017073,1.0,OBS_N
Solar Wind Analyser temperature(DegC),160,0.046607815,0.08182566544058709,1.0,OBS_N
Out Board Sensor Temperature(Deg C),160,0.05269985,0.09252097089016346,1.0,OBS_N
In Board Sensor Temperature(Deg C),160,0.035084683,0.06159541126841182,1.0,OBS_N
Out Board Sensor minus In Board Sensor Temp.(DegC),160,0.047892895,0.0840817790589661,1.0,OBS_N
Search Coil Magnetometer's Temperature(Deg C),160,0.06867605,0.12056912539412182,1.0,OBS_N
Solar Array's Angle(Deg C),160,0.0409293,0.0718563444460424,1.0,OBS_N
Electronic Box Temperature(DegC),170,0.15443636,0.31205534121956424,1.0,OBS_N
Solar Wind Analyser temperature(DegC),170,0.040958215,0.08276049602288783,1.0,OBS_N
Out Board Sensor Temperature(Deg C),170,0.06262587,0.12654233259591247,1.0,OBS_N
In Board Sensor Temperature(Deg C),170,0.031006895,0.06265277943215057,1.0,OBS_N
Out Board Sensor minus In Board Sensor Temp.(DegC),170,0.07221393,0.14591604313230205,1.0,OBS_N
Search Coil Magnetometer's Temperature(Deg C),170,0.07545341,0.15246176226718683,1.0,OBS_N
Solar Array's Angle(Deg C),170,0.05820587,0.11761124532999612,1.0,OBS_N
Electronic Box Temperature(DegC),180,0.096472174,0.2395010696658254,1.0,OBS_N
Solar Wind Analyser temperature(DegC),180,0.02845644,0.07064573686171291,1.0,OBS_N
Out Board Sensor Temperature(Deg C),180,0.041005995,0.1018011646053658,1.0,OBS_N
In Board Sensor Temperature(Deg C),180,0.031220244,0.07750713519971125,1.0,OBS_N
Out Board Sensor minus In Board Sensor Temp.(DegC),180,0.08751418,0.21726202335740444,1.0,OBS_N
Search Coil Magnetometer's Temperature(Deg C),180,0.07574184,0.1880361035344534,1.0,OBS_N
Solar Array's Angle(Deg C),180,0.0423939,0.10524676677552676,1.0,OBS_N
Electronic Box Temperature(DegC),20,0.059720557,0.1971187660960911,1.0,OBS_R
Solar Wind Analyser temperature(DegC),20,0.04008851,0.13231955666171716,1.0,OBS_R
Out Board Sensor Temperature(Deg C),20,0.03066536,0.10121670374059687,1.0,OBS_R
In Board Sensor Temperature(Deg C),20,0.010229506,0.033764380337118434,1.0,OBS_R
Out Board Sensor minus In Board Sensor Temp.(DegC),20,0.068155654,0.2249603669797004,1.0,OBS_R
Search Coil Magnetometer's Temperature(Deg C),20,0.089953154,0.2969070553533461,1.0,OBS_R
Solar Array's Angle(Deg C),20,0.0041546435,0.013713170831429877,1.0,OBS_R
Electronic Box Temperature(DegC),30,0.061808277,0.19749401716239476,1.0000000000000002,OBS_R
Solar Wind Analyser temperature(DegC),30,0.021195887,0.06772654204468731,1.0000000000000002,OBS_R
Out Board Sensor Temperature(Deg C),30,0.020181932,0.06448668395623265,1.0000000000000002,OBS_R
In Board Sensor Temperature(Deg C),30,0.02969357,0.0948789176438743,1.0000000000000002,OBS_R
Out Board Sensor minus In Board Sensor Temp.(DegC),30,0.11832757,0.3780883123528014,1.0000000000000002,OBS_R
Search Coil Magnetometer's Temperature(Deg C),30,0.05810444,0.18565926486789683,1.0000000000000002,OBS_R
Solar Array's Angle(Deg C),30,0.0036511058,0.011666261972112877,1.0000000000000002,OBS_R
Electronic Box Temperature(DegC),40,0.044344094,0.14986495521232582,1.0,OBS_R
Solar Wind Analyser temperature(DegC),40,0.027898185,0.09428448905800578,1.0,OBS_R
Out Board Sensor Temperature(Deg C),40,0.03323426,0.11231824662862189,1.0,OBS_R
In Board Sensor Temperature(Deg C),40,0.028093943,0.09494607127236909,1.0,OBS_R
Out Board Sensor minus In Board Sensor Temp.(DegC),40,0.1179954,0.39877633617366204,1.0,OBS_R
Search Coil Magnetometer's Temperature(Deg C),40,0.035125956,0.11871140771824377,1.0,OBS_R
Solar Array's Angle(Deg C),40,0.009201848,0.031098493936771603,1.0,OBS_R
Electronic Box Temperature(DegC),50,0.041508153,0.13187488638350686,1.0,OBS_R
Solar Wind Analyser temperature(DegC),50,0.03819223,0.12133992066529105,1.0,OBS_R
Out Board Sensor Temperature(Deg C),50,0.035033483,0.11130431629283816,1.0,OBS_R
In Board Sensor Temperature(Deg C),50,0.031511262,0.10011392451143074,1.0,OBS_R
Out Board Sensor minus In Board Sensor Temp.(DegC),50,0.080792435,0.256684347922488,1.0,OBS_R
Search Coil Magnetometer's Temperature(Deg C),50,0.07451788,0.23674955998499375,1.0,OBS_R
Solar Array's Angle(Deg C),50,0.013198595,0.04193304423945151,1.0,OBS_R
Electronic Box Temperature(DegC),60,0.09918763,0.241763277014241,1.0000000000000002,OBS_R
Solar Wind Analyser temperature(DegC),60,0.028887914,0.07041237657100559,1.0000000000000002,OBS_R
Out Board Sensor Temperature(Deg C),60,0.037852813,0.09226372396524912,1.0000000000000002,OBS_R
In Board Sensor Temperature(Deg C),60,0.064810194,0.1579705542452088,1.0000000000000002,OBS_R
Out Board Sensor minus In Board Sensor Temp.(DegC),60,0.069360636,0.16906195515662525,1.0000000000000002,OBS_R
Search Coil Magnetometer's Temperature(Deg C),60,0.09683429,0.23602716667136162,1.0000000000000002,OBS_R
Solar Array's Angle(Deg C),60,0.013334084,0.032500946376308806,1.0000000000000002,OBS_R
Electronic Box Temperature(DegC),70,0.10189257,0.24336881258103774,1.0,OBS_R
Solar Wind Analyser temperature(DegC),70,0.03398568,0.08117426605648598,1.0,OBS_R
Out Board Sensor Temperature(Deg C),70,0.032115918,0.07670836871236024,1.0,OBS_R
In Board Sensor Temperature(Deg C),70,0.040032923,0.09561801154547495,1.0,OBS_R
Out Board Sensor minus In Board Sensor Temp.(DegC),70,0.10913012,0.2606555877550851,1.0,OBS_R
Search Coil Magnetometer's Temperature(Deg C),70,0.083918825,0.20043880327531147,1.0,OBS_R
Solar Array's Angle(Deg C),70,0.017599508,0.042036150074244605,1.0,OBS_R
Electronic Box Temperature(DegC),80,0.1788039,0.3818826291057954,1.0000000000000002,OBS_R
Solar Wind Analyser temperature(DegC),80,0.040885672,0.08732207695758987,1.0000000000000002,OBS_R
Out Board Sensor Temperature(Deg C),80,0.03341951,0.0713761296158944,1.0000000000000002,OBS_R
In Board Sensor Temperature(Deg C),80,0.038899302,0.08307966279337489,1.0000000000000002,OBS_R
Out Board Sensor minus In Board Sensor Temp.(DegC),80,0.102375336,0.21864938330354755,1.0000000000000002,OBS_R
Search Coil Magnetometer's Temperature(Deg C),80,0.06486897,0.13854470070834568,1.0000000000000002,OBS_R
Solar Array's Angle(Deg C),80,0.008964208,0.019145417515452425,1.0000000000000002,OBS_R
Electronic Box Temperature(DegC),90,0.12680651,0.2651472016775345,1.0,OBS_R
Solar Wind Analyser temperature(DegC),90,0.044403914,0.09284675952859123,1.0,OBS_R
Out Board Sensor Temperature(Deg C),90,0.04043047,0.08453845140133191,1.0,OBS_R
In Board Sensor Temperature(Deg C),90,0.13956521,0.29182511909709885,1.0,OBS_R
Out Board Sensor minus In Board Sensor Temp.(DegC),90,0.043717843,0.09141221325961728,1.0,OBS_R
Search Coil Magnetometer's Temperature(Deg C),90,0.07357436,0.15384096344277223,1.0,OBS_R
Solar Array's Angle(Deg C),90,0.009751168,0.020389291593054023,1.0,OBS_R
Electronic Box Temperature(DegC),100,0.15037116,0.3436684948068391,1.0,OBS_R
Solar Wind Analyser temperature(DegC),100,0.034673583,0.07924536911978337,1.0,OBS_R
Out Board Sensor Temperature(Deg C),100,0.06974606,0.1594023977663502,1.0,OBS_R
In Board Sensor Temperature(Deg C),100,0.051603638,0.11793847036903224,1.0,OBS_R
Out Board Sensor minus In Board Sensor Temp.(DegC),100,0.03968896,0.09070785344509442,1.0,OBS_R
Search Coil Magnetometer's Temperature(Deg C),100,0.08683716,0.19846356223161846,1.0,OBS_R
Solar Array's Angle(Deg C),100,0.0046265586,0.010573852261282261,1.0,OBS_R
Electronic Box Temperature(DegC),110,0.13919593,0.37381796217319974,1.0000000000000002,OBS_R
Solar Wind Analyser temperature(DegC),110,0.028393911,0.0762533354829211,1.0000000000000002,OBS_R
Out Board Sensor Temperature(Deg C),110,0.045297872,0.12164980830849324,1.0000000000000002,OBS_R
In Board Sensor Temperature(Deg C),110,0.06015398,0.16154666462020417,1.0000000000000002,OBS_R
Out Board Sensor minus In Board Sensor Temp.(DegC),110,0.041586198,0.11168191333533382,1.0000000000000002,OBS_R
Search Coil Magnetometer's Temperature(Deg C),110,0.052574217,0.14119081399715921,1.0000000000000002,OBS_R
Solar Array's Angle(Deg C),110,0.005160764,0.013859502082688846,1.0000000000000002,OBS_R
Electronic Box Temperature(DegC),120,0.08082062,0.22522420047906702,1.0,OBS_R
Solar Wind Analyser temperature(DegC),120,0.015848732,0.04416593182911744,1.0,OBS_R
Out Board Sensor Temperature(Deg C),120,0.061313253,0.17086268808251853,1.0,OBS_R
In Board Sensor Temperature(Deg C),120,0.11799851,0.3288284607625034,1.0,OBS_R
Out Board Sensor minus In Board Sensor Temp.(DegC),120,0.028256211,0.07874206521853977,1.0,OBS_R
Search Coil Magnetometer's Temperature(Deg C),120,0.04681884,0.1304708601141313,1.0,OBS_R
Solar Array's Angle(Deg C),120,0.0077890195,0.02170579351412254,1.0,OBS_R
Electronic Box Temperature(DegC),130,0.11354312,0.2430780263819201,1.0,OBS_R
Solar Wind Analyser temperature(DegC),130,0.022943042,0.04911745747833511,1.0,OBS_R
Out Board Sensor Temperature(Deg C),130,0.05758209,0.12327423090140643,1.0,OBS_R
In Board Sensor Temperature(Deg C),130,0.17075355,0.36555659146680586,1.0,OBS_R
Out Board Sensor minus In Board Sensor Temp.(DegC),130,0.029225787,0.06256782994353491,1.0,OBS_R
Search Coil Magnetometer's Temperature(Deg C),130,0.066434495,0.1422258427307576,1.0,OBS_R
Solar Array's Angle(Deg C),130,0.006623568,0.014180021097239901,1.0,OBS_R
Electronic Box Temperature(DegC),140,0.120782085,0.22183682719337453,0.9999999999999999,OBS_R
Solar Wind Analyser temperature(DegC),140,0.021795351,0.040030866443528795,0.9999999999999999,OBS_R
Out Board Sensor Temperature(Deg C),140,0.04508311,0.08280279382832227,0.9999999999999999,OBS_R
In Board Sensor Temperature(Deg C),140,0.2265728,0.4161394554525119,0.9999999999999999,OBS_R
Out Board Sensor minus In Board Sensor Temp.(DegC),140,0.026063925,0.0478708280802246,0.9999999999999999,OBS_R
Search Coil Magnetometer's Temperature(Deg C),140,0.0981034,0.18018356772763525,0.9999999999999999,OBS_R
Solar Array's Angle(Deg C),140,0.0060629626,0.011135661274402514,0.9999999999999999,OBS_R
Electronic Box Temperature(DegC),150,0.0961046,0.19823439557034303,1.0,OBS_R
Solar Wind Analyser temperature(DegC),150,0.02424536,0.050010762075752585,1.0,OBS_R
Out Board Sensor Temperature(Deg C),150,0.05205473,0.10737298670539602,1.0,OBS_R
In Board Sensor Temperature(Deg C),150,0.1651163,0.34058442498393865,1.0,OBS_R
Out Board Sensor minus In Board Sensor Temp.(DegC),150,0.030047737,0.06197929113124276,1.0,OBS_R
Search Coil Magnetometer's Temperature(Deg C),150,0.112575516,0.23220885753938397,1.0,OBS_R
Solar Array's Angle(Deg C),150,0.0046586073,0.00960928199394293,1.0,OBS_R
Electronic Box Temperature(DegC),160,0.06769017,0.13800994421437576,0.9999999999999999,OBS_R
Solar Wind Analyser temperature(DegC),160,0.028618684,0.05834913669634525,0.9999999999999999,OBS_R
Out Board Sensor Temperature(Deg C),160,0.044962544,0.09167177729316407,0.9999999999999999,OBS_R
In Board Sensor Temperature(Deg C),160,0.1900972,0.3875792300020673,0.9999999999999999,OBS_R
Out Board Sensor minus In Board Sensor Temp.(DegC),160,0.031242771,0.06369925031673752,0.9999999999999999,OBS_R
Search Coil Magnetometer's Temperature(Deg C),160,0.12365753,0.2521188647773746,0.9999999999999999,OBS_R
Solar Array's Angle(Deg C),160,0.004204236,0.008571796699935462,0.9999999999999999,OBS_R
Electronic Box Temperature(DegC),170,0.08059845,0.15829749304093851,1.0,OBS_R
Solar Wind Analyser temperature(DegC),170,0.023222107,0.04560883393202263,1.0,OBS_R
Out Board Sensor Temperature(Deg C),170,0.06379792,0.12530080661881648,1.0,OBS_R
In Board Sensor Temperature(Deg C),170,0.17513572,0.3439711981796145,1.0,OBS_R
Out Board Sensor minus In Board Sensor Temp.(DegC),170,0.04258446,0.08363700865838145,1.0,OBS_R
Search Coil Magnetometer's Temperature(Deg C),170,0.10801386,0.21214208525939277,1.0,OBS_R
Solar Array's Angle(Deg C),170,0.015805578,0.031042574310833654,1.0,OBS_R
Electronic Box Temperature(DegC),180,0.066158585,0.131546589547327,0.9999999999999999,OBS_R
Solar Wind Analyser temperature(DegC),180,0.023102583,0.045936079246314813,0.9999999999999999,OBS_R
Out Board Sensor Temperature(Deg C),180,0.09662773,0.1921299909482637,0.9999999999999999,OBS_R
In Board Sensor Temperature(Deg C),180,0.13338557,0.26521753493256023,0.9999999999999999,OBS_R
Out Board Sensor minus In Board Sensor Temp.(DegC),180,0.06020647,0.11971168665689352,0.9999999999999999,OBS_R
Search Coil Magnetometer's Temperature(Deg C),180,0.10977252,0.21826646733777247,0.9999999999999999,OBS_R
Solar Array's Angle(Deg C),180,0.013675468,0.027191651330868167,0.9999999999999999,OBS_R
Electronic Box Temperature(DegC),20,0.06900748,0.10788619728332698,1.0,OBS_T
Solar Wind Analyser temperature(DegC),20,0.014333462,0.02240891435370587,1.0,OBS_T
Out Board Sensor Temperature(Deg C),20,0.39567226,0.6185934554036729,1.0,OBS_T
In Board Sensor Temperature(Deg C),20,0.07034277,0.10997378779337681,1.0,OBS_T
Out Board Sensor minus In Board Sensor Temp.(DegC),20,0.040681046,0.06360069016356053,1.0,OBS_T
Search Coil Magnetometer's Temperature(Deg C),20,0.029059423,0.045431461092589526,1.0,OBS_T
Solar Array's Angle(Deg C),20,0.020535706,0.03210549390976749,1.0,OBS_T
Electronic Box Temperature(DegC),30,0.04906075,0.07638006886232995,1.0,OBS_T
Solar Wind Analyser temperature(DegC),30,0.02638615,0.04107919169624939,1.0,OBS_T
Out Board Sensor Temperature(Deg C),30,0.3940012,0.6133994850841178,1.0,OBS_T
In Board Sensor Temperature(Deg C),30,0.07578748,0.11798949142241923,1.0,OBS_T
Out Board Sensor minus In Board Sensor Temp.(DegC),30,0.042811465,0.06665088986200228,1.0,OBS_T
Search Coil Magnetometer's Temperature(Deg C),30,0.047387913,0.07377571802677498,1.0,OBS_T
Solar Array's Angle(Deg C),30,0.0068890243,0.010725155046106397,1.0,OBS_T
Electronic Box Temperature(DegC),40,0.062616535,0.09951112658939971,1.0000000000000002,OBS_T
Solar Wind Analyser temperature(DegC),40,0.029993,0.047665320666432046,1.0000000000000002,OBS_T
Out Board Sensor Temperature(Deg C),40,0.35597035,0.5657133624676441,1.0000000000000002,OBS_T
In Board Sensor Temperature(Deg C),40,0.07129718,0.11330653643557916,1.0000000000000002,OBS_T
Out Board Sensor minus In Board Sensor Temp.(DegC),40,0.0798507,0.12689991734534942,1.0000000000000002,OBS_T
Search Coil Magnetometer's Temperature(Deg C),40,0.02558182,0.040655007952887165,1.0000000000000002,OBS_T
Solar Array's Angle(Deg C),40,0.0039319596,0.006248728542708495,1.0000000000000002,OBS_T
Electronic Box Temperature(DegC),50,0.08070231,0.1332619525465888,1.0,OBS_T
Solar Wind Analyser temperature(DegC),50,0.035765044,0.059058031874857864,1.0,OBS_T
Out Board Sensor Temperature(Deg C),50,0.3002429,0.49578450842671296,1.0,OBS_T
In Board Sensor Temperature(Deg C),50,0.070188425,0.11590060509630773,1.0,OBS_T
Out Board Sensor minus In Board Sensor Temp.(DegC),50,0.05844651,0.096511438670513,1.0,OBS_T
Search Coil Magnetometer's Temperature(Deg C),50,0.049060542,0.08101259579699673,1.0,OBS_T
Solar Array's Angle(Deg C),50,0.011185801,0.018470867588023014,1.0,OBS_T
Electronic Box Temperature(DegC),60,0.07725611,0.1341143703640433,1.0,OBS_T
Solar Wind Analyser temperature(DegC),60,0.024744542,0.04295580854739677,1.0,OBS_T
Out Board Sensor Temperature(Deg C),60,0.22589156,0.39214120850702305,1.0,OBS_T
In Board Sensor Temperature(Deg C),60,0.12671912,0.2199807237496898,1.0,OBS_T
Out Board Sensor minus In Board Sensor Temp.(DegC),60,0.072168425,0.12528229649460323,1.0,OBS_T
Search Coil Magnetometer's Temperature(Deg C),60,0.04233589,0.07349387939868313,1.0,OBS_T
Solar Array's Angle(Deg C),60,0.0069308258,0.012031712938560675,1.0,OBS_T
Electronic Box Temperature(DegC),70,0.09181539,0.15547008805633278,1.0,OBS_T
Solar Wind Analyser temperature(DegC),70,0.031142363,0.05273305398901296,1.0,OBS_T
Out Board Sensor Temperature(Deg C),70,0.087811425,0.14869021388573378,1.0,OBS_T
In Board Sensor Temperature(Deg C),70,0.11638275,0.19706975476266195,1.0,OBS_T
Out Board Sensor minus In Board Sensor Temp.(DegC),70,0.1979966,0.335265676449825,1.0,OBS_T
Search Coil Magnetometer's Temperature(Deg C),70,0.055845708,0.09456298274535728,1.0,OBS_T
Solar Array's Angle(Deg C),70,0.009572034,0.016208230111076274,1.0,OBS_T
Electronic Box Temperature(DegC),80,0.080066614,0.1492999148040795,0.9999999999999998,OBS_T
Solar Wind Analyser temperature(DegC),80,0.04355122,0.08120979657780612,0.9999999999999998,OBS_T
Out Board Sensor Temperature(Deg C),80,0.050721787,0.09458072596663908,0.9999999999999998,OBS_T
In Board Sensor Temperature(Deg C),80,0.0805136,0.15013340792168053,0.9999999999999998,OBS_T
Out Board Sensor minus In Board Sensor Temp.(DegC),80,0.2094165,0.39049816205002147,0.9999999999999998,OBS_T
Search Coil Magnetometer's Temperature(Deg C),80,0.06301527,0.1175043376051355,0.9999999999999998,OBS_T
Solar Array's Angle(Deg C),80,0.008995382,0.016773655074637607,0.9999999999999998,OBS_T
Electronic Box Temperature(DegC),90,0.087754615,0.18196391249645402,0.9999999999999999,OBS_T
Solar Wind Analyser temperature(DegC),90,0.042686213,0.08851215776101347,0.9999999999999999,OBS_T
Out Board Sensor Temperature(Deg C),90,0.039094735,0.08106503502536087,0.9999999999999999,OBS_T
In Board Sensor Temperature(Deg C),90,0.10329169,0.2141808728893729,0.9999999999999999,OBS_T
Out Board Sensor minus In Board Sensor Temp.(DegC),90,0.14827804,0.30746248839113144,0.9999999999999999,OBS_T
Search Coil Magnetometer's Temperature(Deg C),90,0.052257847,0.1083594554971392,0.9999999999999999,OBS_T
Solar Array's Angle(Deg C),90,0.008900699,0.018456077939528033,0.9999999999999999,OBS_T
Electronic Box Temperature(DegC),100,0.079328865,0.14735684568011218,1.0,OBS_T
Solar Wind Analyser temperature(DegC),100,0.03366579,0.06253568132771173,1.0,OBS_T
Out Board Sensor Temperature(Deg C),100,0.040698737,0.07559968880790707,1.0,OBS_T
In Board Sensor Temperature(Deg C),100,0.13427337,0.24941867329172812,1.0,OBS_T
Out Board Sensor minus In Board Sensor Temp.(DegC),100,0.17209302,0.31967033173567355,1.0,OBS_T
Search Coil Magnetometer's Temperature(Deg C),100,0.036994573,0.06871904173295111,1.0,OBS_T
Solar Array's Angle(Deg C),100,0.041290943,0.07669973742391635,1.0,OBS_T
Electronic Box Temperature(DegC),110,0.10771353,0.2086667291451709,1.0,OBS_T
Solar Wind Analyser temperature(DegC),110,0.04937061,0.09564261522764936,1.0,OBS_T
Out Board Sensor Temperature(Deg C),110,0.049929276,0.09672488415806707,1.0,OBS_T
In Board Sensor Temperature(Deg C),110,0.22237727,0.43079766828858485,1.0,OBS_T
Out Board Sensor minus In Board Sensor Temp.(DegC),110,0.04343026,0.08413474426215861,1.0,OBS_T
Search Coil Magnetometer's Temperature(Deg C),110,0.03903586,0.07562174617774398,1.0,OBS_T
Solar Array's Angle(Deg C),110,0.004342065,0.00841161274062531,1.0,OBS_T
Electronic Box Temperature(DegC),120,0.072003014,0.1257671687946498,1.0,OBS_T
Solar Wind Analyser temperature(DegC),120,0.053107377,0.0927622897480389,1.0,OBS_T
Out Board Sensor Temperature(Deg C),120,0.03945457,0.06891502576420379,1.0,OBS_T
In Board Sensor Temperature(Deg C),120,0.30610433,0.5346703256044696,1.0,OBS_T
Out Board Sensor minus In Board Sensor Temp.(DegC),120,0.023491262,0.041032025592058444,1.0,OBS_T
Search Coil Magnetometer's Temperature(Deg C),120,0.07404416,0.129332424459038,1.0,OBS_T
Solar Array's Angle(Deg C),120,0.004305702,0.0075207400375415,1.0,OBS_T
Electronic Box Temperature(DegC),130,0.09559242,0.16303274816213553,0.9999999999999999,OBS_T
Solar Wind Analyser temperature(DegC),130,0.04770204,0.08135576726836831,0.9999999999999999,OBS_T
Out Board Sensor Temperature(Deg C),130,0.043664478,0.07446971052103407,0.9999999999999999,OBS_T
In Board Sensor Temperature(Deg C),130,0.27850124,0.4749835031246459,0.9999999999999999,OBS_T
Out Board Sensor minus In Board Sensor Temp.(DegC),130,0.04929147,0.0840665380691425,0.9999999999999999,OBS_T
Search Coil Magnetometer's Temperature(Deg C),130,0.0704917,0.12022350280096278,0.9999999999999999,OBS_T
Solar Array's Angle(Deg C),130,0.0010954157,0.0018682300537108424,0.9999999999999999,OBS_T
Electronic Box Temperature(DegC),140,0.12725922,0.20876525488428987,1.0000000000000002,OBS_T
Solar Wind Analyser temperature(DegC),140,0.049608648,0.08138162440556383,1.0000000000000002,OBS_T
Out Board Sensor Temperature(Deg C),140,0.040706724,0.06677826259947561,1.0000000000000002,OBS_T
In Board Sensor Temperature(Deg C),140,0.29462394,0.4833224809103318,1.0000000000000002,OBS_T
Out Board Sensor minus In Board Sensor Temp.(DegC),140,0.041884117,0.06870974347562729,1.0000000000000002,OBS_T
Search Coil Magnetometer's Temperature(Deg C),140,0.053869855,0.08837201744325274,1.0000000000000002,OBS_T
Solar Array's Angle(Deg C),140,0.0016279555,0.0026706162814590685,1.0000000000000002,OBS_T
Electronic Box Temperature(DegC),150,0.14774556,0.2964110544719226,1.0,OBS_T
Solar Wind Analyser temperature(DegC),150,0.04699316,0.09427892187465921,1.0,OBS_T
Out Board Sensor Temperature(Deg C),150,0.078717574,0.1579252812389868,1.0,OBS_T
In Board Sensor Temperature(Deg C),150,0.1299295,0.26066800316713185,1.0,OBS_T
Out Board Sensor minus In Board Sensor Temp.(DegC),150,0.046908684,0.0941094438867077,1.0,OBS_T
Search Coil Magnetometer's Temperature(Deg C),150,0.043524638,0.08732028119889838,1.0,OBS_T
Solar Array's Angle(Deg C),150,0.0046290956,0.009287014161693504,1.0,OBS_T
Electronic Box Temperature(DegC),160,0.103744514,0.28179409729146154,0.9999999999999999,OBS_T
Solar Wind Analyser temperature(DegC),160,0.044096883,0.11977733433068276,0.9999999999999999,OBS_T
Out Board Sensor Temperature(Deg C),160,0.09313445,0.25297470924088344,0.9999999999999999,OBS_T
In Board Sensor Temperature(Deg C),160,0.052352924,0.14220265140138874,0.9999999999999999,OBS_T
Out Board Sensor minus In Board Sensor Temp.(DegC),160,0.03870547,0.1051330095285014,0.9999999999999999,OBS_T
Search Coil Magnetometer's Temperature(Deg C),160,0.03125997,0.08490930930100236,0.9999999999999999,OBS_T
Solar Array's Angle(Deg C),160,0.004862947,0.013208888906079614,0.9999999999999999,OBS_T
Electronic Box Temperature(DegC),170,0.079164386,0.24097585454957798,0.9999999999999999,OBS_T
Solar Wind Analyser temperature(DegC),170,0.05378278,0.16371441787664406,0.9999999999999999,OBS_T
Out Board Sensor Temperature(Deg C),170,0.07350015,0.22373395854762473,0.9999999999999999,OBS_T
In Board Sensor Temperature(Deg C),170,0.040334422,0.1227777072535281,0.9999999999999999,OBS_T
Out Board Sensor minus In Board Sensor Temp.(DegC),170,0.039066117,0.1189169954278278,0.9999999999999999,OBS_T
Search Coil Magnetometer's Temperature(Deg C),170,0.03995751,0.12163038967956258,0.9999999999999999,OBS_T
Solar Array's Angle(Deg C),170,0.002710478,0.00825067666523468,0.9999999999999999,OBS_T
Electronic Box Temperature(DegC),180,0.09868778,0.30604318737718883,0.9999999999999999,OBS_T
Solar Wind Analyser temperature(DegC),180,0.042984497,0.13330031813143645,0.9999999999999999,OBS_T
Out Board Sensor Temperature(Deg C),180,0.055434436,0.17190914096858578,0.9999999999999999,OBS_T
In Board Sensor Temperature(Deg C),180,0.04600741,0.1426747506060948,0.9999999999999999,OBS_T
Out Board Sensor minus In Board Sensor Temp.(DegC),180,0.03852182,0.1194609968566558,0.9999999999999999,OBS_T
Search Coil Magnetometer's Temperature(Deg C),180,0.03215873,0.09972825643866368,0.9999999999999999,OBS_T
Solar Array's Angle(Deg C),180,0.008668901,0.026883349621374595,0.9999999999999999,OBS_T
